"","phenotype","label","PhecodeString","group","label_type","internal.auc","internal.auc_txt","external.auc_txt","MIMIC_png.auc_txt"
"155","149.4","149.4","Cancer of larynx","Neoplasms","binary",0.867331997533909,"0.867 (0.810-0.924)","0.861 (0.775-0.947)","0.819 (0.766-0.873)"
"191","165.1","165.1","Cancer of bronchus; lung","Neoplasms","binary",0.903237736613532,"0.903 (0.892-0.914)","0.874 (0.858-0.890)","0.865 (0.853-0.877)"
"225","185","185","Cancer of prostate","Neoplasms","binary",0.882195228682796,"0.882 (0.868-0.897)","0.873 (0.860-0.886)","0.805 (0.792-0.818)"
"264","198","198","Secondary malignant neoplasm","Neoplasms","binary",0.898435525936746,"0.898 (0.882-0.915)","0.869 (0.844-0.894)","0.835 (0.823-0.848)"
"267","198.2","198.2","Secondary malignancy of respiratory organs","Neoplasms","binary",0.934485313279976,"0.934 (0.921-0.948)","0.922 (0.905-0.938)","0.819 (0.803-0.835)"
"271","198.4","198.4","Secondary malignant neoplasm of liver","Neoplasms","binary",0.892175701222333,"0.892 (0.874-0.910)","0.882 (0.857-0.907)","0.823 (0.808-0.837)"
"276","198.6","198.6","Secondary malignancy of bone","Neoplasms","binary",0.914660691700449,"0.915 (0.899-0.930)","0.899 (0.873-0.925)","0.805 (0.789-0.822)"
"457","260.1","260.1","Cachexia","Endocrine/metabolic","binary",0.9375191461035,"0.938 (0.925-0.950)","0.941 (0.925-0.958)","0.867 (0.851-0.882)"
"522","276.11","276.11","Hyperosmolality and/or hypernatremia","Endocrine/metabolic","binary",0.937026701920459,"0.937 (0.921-0.953)","0.939 (0.924-0.954)","0.847 (0.839-0.855)"
"555","278.11","278.11","Morbid obesity","Endocrine/metabolic","binary",0.927255625941413,"0.927 (0.902-0.953)","0.921 (0.880-0.961)","0.868 (0.860-0.876)"
"617","286.6","286.6","Defibrination syndrome","Hematopoietic","binary",0.923134244776943,"0.923 (0.894-0.953)","0.924 (0.882-0.967)","0.815 (0.785-0.845)"
"661","290.1","290.1","Dementias","Mental disorders","binary",0.923589958243196,"0.924 (0.915-0.932)","0.906 (0.894-0.918)","0.854 (0.848-0.861)"
"817","331.1","331.1","Hydrocephalus","Neurological","binary",0.879687744955494,"0.880 (0.852-0.907)","0.858 (0.827-0.889)","0.805 (0.783-0.828)"
"881","348","348","Other conditions of brain","Neurological","binary",0.964704519485443,"0.965 (0.950-0.980)","0.979 (0.967-0.990)","0.928 (0.916-0.940)"
"887","348.7","348.7","Coma","Neurological","binary",0.922235392916315,"0.922 (0.907-0.938)","0.903 (0.877-0.930)","0.906 (0.889-0.923)"
"1053","394","394","Rheumatic disease of the heart valves","Circulatory system","binary",0.903819552652838,"0.904 (0.885-0.923)","0.904 (0.877-0.931)","0.882 (0.859-0.905)"
"1055","394.1","394.1","Mitral valve stenosis and aortic valve stenosis","Circulatory system","binary",0.873374547480087,"0.873 (0.840-0.907)","0.906 (0.874-0.938)","0.838 (0.818-0.858)"
"1064","394.7","394.7","Disease of tricuspid valve","Circulatory system","binary",0.877379029495822,"0.877 (0.846-0.909)","0.905 (0.869-0.940)","0.852 (0.836-0.868)"
"1067","395.2","395.2","Nonrheumatic aortic valve disorders","Circulatory system","binary",0.890130873081772,"0.890 (0.870-0.910)","0.860 (0.839-0.882)","0.825 (0.813-0.837)"
"1073","395.6","395.6","Heart valve replaced","Circulatory system","binary",0.935163676441626,"0.935 (0.884-0.987)","0.959 (0.935-0.984)","0.880 (0.866-0.893)"
"1079","401.2","401.2","Hypertensive heart and/or renal disease","Circulatory system","binary",0.915216141238269,"0.915 (0.904-0.927)","0.902 (0.889-0.915)","0.864 (0.848-0.881)"
"1101","411.9","411.9","Other acute and subacute forms of ischemic heart disease","Circulatory system","binary",0.898009922385355,"0.898 (0.874-0.922)","0.906 (0.869-0.944)","0.810 (0.796-0.824)"
"1132","425.1","425.1","Primary/intrinsic cardiomyopathies","Circulatory system","binary",0.879802722213038,"0.880 (0.837-0.923)","0.937 (0.909-0.965)","0.805 (0.790-0.820)"
"1152","426.24","426.24","Atrioventricular block, complete","Circulatory system","binary",0.931491535891497,"0.931 (0.908-0.955)","0.915 (0.872-0.958)","0.854 (0.836-0.872)"
"1166","426.91","426.91","Cardiac pacemaker in situ","Circulatory system","binary",0.966225429564094,"0.966 (0.947-0.986)","0.956 (0.938-0.975)","0.949 (0.942-0.956)"
"1175","427.21","427.21","Atrial fibrillation","Circulatory system","binary",0.893086187814407,"0.893 (0.883-0.903)","0.896 (0.884-0.907)","0.842 (0.837-0.847)"
"1184","427.42","427.42","Cardiac arrest","Circulatory system","binary",0.9535895466141,"0.954 (0.945-0.962)","0.955 (0.942-0.968)","0.878 (0.867-0.890)"
"1193","427.8","427.8","Sinoatrial node dysfunction (Bradycardia)","Circulatory system","binary",0.861859474358923,"0.862 (0.820-0.904)","0.914 (0.891-0.936)","0.849 (0.831-0.867)"
"1197","428.1","428.1","Congestive heart failure (CHF) NOS","Circulatory system","binary",0.931319647866774,"0.931 (0.925-0.938)","0.926 (0.919-0.934)","0.876 (0.871-0.882)"
"1199","428.2","428.2","Heart failure NOS","Circulatory system","binary",0.908079722832154,"0.908 (0.889-0.927)","0.904 (0.879-0.929)","0.800 (0.766-0.835)"
"1201","428.3","428.3","Heart failure with reduced EF [Systolic or combined heart failure]","Circulatory system","binary",0.928401868520235,"0.928 (0.916-0.940)","0.919 (0.904-0.933)","0.871 (0.864-0.878)"
"1204","428.4","428.4","Heart failure with preserved EF [Diastolic heart failure]","Circulatory system","binary",0.886671402558116,"0.887 (0.839-0.934)","0.881 (0.846-0.916)","0.854 (0.847-0.860)"
"1208","430","430","Intracranial hemorrhage","Circulatory system","binary",0.933412738559797,"0.933 (0.922-0.945)","0.911 (0.885-0.936)","0.844 (0.819-0.869)"
"1211","430.2","430.2","Intracerebral hemorrhage","Circulatory system","binary",0.919551020669231,"0.920 (0.910-0.930)","0.891 (0.871-0.911)","0.846 (0.834-0.858)"
"1251","441.1","441.1","Acute vascular insufficiency of intestine","Circulatory system","binary",0.902304805586525,"0.902 (0.835-0.969)","0.902 (0.823-0.981)","0.805 (0.776-0.834)"
"1254","442.1","442.1","Aortic aneurysm","Circulatory system","binary",0.906314175800059,"0.906 (0.883-0.930)","0.878 (0.841-0.914)","0.841 (0.819-0.862)"
"1376","480.12","480.12","Pseudomonal pneumonia","Respiratory","binary",0.972353856457901,"0.972 (0.961-0.983)","0.964 (0.948-0.980)","0.898 (0.874-0.922)"
"1415","501","501","Pneumonitis due to inhalation of food or vomitus","Respiratory","binary",0.933707188277559,"0.934 (0.924-0.943)","0.945 (0.932-0.958)","0.867 (0.859-0.874)"
"1420","503","503","Pulmonary congestion and hypostasis","Respiratory","binary",0.92559523583368,"0.926 (0.903-0.948)","0.936 (0.904-0.969)","0.838 (0.825-0.852)"
"1421","504","504","Other alveolar and parietoalveolar pneumonopathy","Respiratory","binary",0.866775844985137,"0.867 (0.811-0.922)","0.914 (0.877-0.951)","0.834 (0.795-0.874)"
"1423","504.1","504.1","Idiopathic fibrosing alveolitis","Respiratory","binary",0.867867877472376,"0.868 (0.826-0.910)","0.887 (0.851-0.922)","0.880 (0.843-0.918)"
"1425","505","505","Other pulmonary inflamation or edema","Respiratory","binary",0.947018689019005,"0.947 (0.936-0.958)","0.960 (0.952-0.968)","0.853 (0.838-0.868)"
"1427","506","506","Empyema and pneumothorax","Respiratory","binary",0.91995275477042,"0.920 (0.905-0.935)","0.915 (0.901-0.930)","0.863 (0.850-0.876)"
"1429","507","507","Pleurisy; pleural effusion","Respiratory","binary",0.908692089828371,"0.909 (0.898-0.919)","0.904 (0.891-0.916)","0.876 (0.869-0.883)"
"1434","509.1","509.1","Respiratory failure","Respiratory","binary",0.966074656961623,"0.966 (0.963-0.969)","0.967 (0.962-0.971)","0.913 (0.908-0.917)"
"1435","509.2","509.2","Respiratory insufficiency","Respiratory","binary",0.934845693498123,"0.935 (0.906-0.964)","0.865 (0.789-0.942)","0.847 (0.826-0.868)"
"1441","509.8","509.8","Dependence on respirator [Ventilator] or supplemental oxygen","Respiratory","binary",0.985681685650224,"0.986 (0.981-0.991)","0.992 (0.990-0.994)","0.815 (0.803-0.826)"
"1474","519.2","519.2","Respiratory complications","Respiratory","binary",0.943759965856753,"0.944 (0.913-0.975)","0.890 (0.810-0.971)","0.883 (0.872-0.894)"
"1665","572","572","Ascites (non malignant)","Digestive","binary",0.885331739420623,"0.885 (0.864-0.907)","0.890 (0.865-0.914)","0.817 (0.803-0.831)"
"1748","585.31","585.31","Renal dialysis","Genitourinary","binary",0.920223133956043,"0.920 (0.908-0.933)","0.924 (0.910-0.938)","0.819 (0.802-0.837)"
"1750","585.32","585.32","End stage renal disease","Genitourinary","binary",0.910522595616744,"0.911 (0.900-0.921)","0.899 (0.884-0.915)","0.812 (0.796-0.827)"
"1753","585.34","585.34","Chronic Kidney Disease, Stage IV","Genitourinary","binary",0.882816416773896,"0.883 (0.862-0.903)","0.889 (0.869-0.910)","0.815 (0.799-0.831)"
"1842","600","600","Hyperplasia of prostate","Genitourinary","binary",0.874726445419559,"0.875 (0.868-0.881)","0.875 (0.868-0.883)","0.838 (0.830-0.845)"
"1965","635.3","635.3","Placenta previa and abruptio placenta","Pregnancy complications","binary",0.957477319769234,"0.957 (0.910-1.000)","0.940 (0.877-1.000)","0.801 (0.676-0.926)"
"2135","707.1","707.1","Decubitus ulcer","Dermatologic","binary",0.935205720826691,"0.935 (0.921-0.950)","0.958 (0.949-0.966)","0.838 (0.827-0.849)"
"2312","743.11","743.11","Osteoporosis NOS","Musculoskeletal","binary",0.884095654471365,"0.884 (0.871-0.897)","0.874 (0.857-0.890)","0.838 (0.829-0.847)"
"2443","797","797","Shock","Symptoms","binary",0.853321874855065,"0.853 (0.847-0.859)","0.851 (0.842-0.861)","0.845 (0.832-0.859)"
"2446","797.1","797.1","Cardiogenic shock","Symptoms","binary",0.948711149821942,"0.949 (0.931-0.967)","0.948 (0.916-0.979)","0.912 (0.903-0.920)"
"2491","818","818","Intracranial hemorrhage (injury)","Injuries & poisonings","binary",0.899389103684273,"0.899 (0.888-0.911)","0.869 (0.844-0.895)","0.816 (0.799-0.833)"
"2629","994.21","994.21","Septic shock","Injuries & poisonings","binary",0.957211435757011,"0.957 (0.951-0.963)","0.965 (0.958-0.972)","0.883 (0.876-0.891)"
"458","260.1","260.1","Cachexia","Endocrine/metabolic","survival",0.869571572675985,"0.870 (0.862-0.878)","0.858 (0.849-0.866)","0.798 (0.788-0.808)"
"521","276.11","276.11","Hyperosmolality and/or hypernatremia","Endocrine/metabolic","survival",0.911601890871085,"0.912 (0.903-0.920)","0.922 (0.914-0.929)","0.767 (0.759-0.774)"
"556","278.11","278.11","Morbid obesity","Endocrine/metabolic","survival",0.853927734369139,"0.854 (0.840-0.868)","0.824 (0.809-0.839)","0.769 (0.762-0.777)"
"662","290.1","290.1","Dementias","Mental disorders","survival",0.879832963299326,"0.880 (0.875-0.885)","0.856 (0.852-0.861)","0.830 (0.825-0.836)"
"818","331.1","331.1","Hydrocephalus","Neurological","survival",0.853933154022286,"0.854 (0.844-0.864)","0.814 (0.805-0.824)","0.754 (0.730-0.778)"
"1054","394","394","Rheumatic disease of the heart valves","Circulatory system","survival",0.903535393451722,"0.904 (0.896-0.911)","0.878 (0.870-0.887)","0.838 (0.829-0.847)"
"1056","394.1","394.1","Mitral valve stenosis and aortic valve stenosis","Circulatory system","survival",0.903113970669849,"0.903 (0.890-0.917)","0.907 (0.896-0.919)","0.810 (0.799-0.821)"
"1058","394.2","394.2","Mitral valve disease","Circulatory system","survival",0.840052912988721,"0.840 (0.817-0.863)","0.804 (0.776-0.831)","0.803 (0.771-0.835)"
"1063","394.7","394.7","Disease of tricuspid valve","Circulatory system","survival",0.900760551654295,"0.901 (0.888-0.913)","0.906 (0.896-0.916)","0.846 (0.835-0.857)"
"1068","395.2","395.2","Nonrheumatic aortic valve disorders","Circulatory system","survival",0.865782042748569,"0.866 (0.856-0.876)","0.856 (0.848-0.865)","0.772 (0.762-0.782)"
"1074","395.6","395.6","Heart valve replaced","Circulatory system","survival",0.948494655610704,"0.948 (0.940-0.957)","0.954 (0.946-0.963)","0.882 (0.874-0.890)"
"1080","401.2","401.2","Hypertensive heart and/or renal disease","Circulatory system","survival",0.905143681717736,"0.905 (0.901-0.910)","0.886 (0.881-0.891)","0.819 (0.814-0.823)"
"1102","411.9","411.9","Other acute and subacute forms of ischemic heart disease","Circulatory system","survival",0.896000519051989,"0.896 (0.884-0.908)","0.880 (0.865-0.894)","0.775 (0.764-0.785)"
"1112","415.2","415.2","Chronic pulmonary heart disease","Circulatory system","survival",0.823339227430516,"0.823 (0.810-0.837)","0.807 (0.798-0.817)","0.780 (0.773-0.786)"
"1113","415.21","415.21","Primary pulmonary hypertension","Circulatory system","survival",0.819957307136954,"0.820 (0.790-0.850)","0.852 (0.832-0.872)","0.803 (0.739-0.867)"
"1165","426.91","426.91","Cardiac pacemaker in situ","Circulatory system","survival",0.934837736141092,"0.935 (0.927-0.942)","0.933 (0.926-0.939)","0.898 (0.892-0.905)"
"1176","427.21","427.21","Atrial fibrillation","Circulatory system","survival",0.886461506354002,"0.886 (0.881-0.891)","0.851 (0.846-0.857)","0.763 (0.758-0.769)"
"1178","427.22","427.22","Atrial flutter","Circulatory system","survival",0.884939908122793,"0.885 (0.876-0.894)","0.861 (0.851-0.872)","0.756 (0.746-0.765)"
"1183","427.42","427.42","Cardiac arrest","Circulatory system","survival",0.897128265368943,"0.897 (0.891-0.903)","0.925 (0.919-0.931)","0.764 (0.752-0.775)"
"1194","427.8","427.8","Sinoatrial node dysfunction (Bradycardia)","Circulatory system","survival",0.899297987067598,"0.899 (0.887-0.911)","0.880 (0.870-0.891)","0.781 (0.765-0.796)"
"1198","428.1","428.1","Congestive heart failure (CHF) NOS","Circulatory system","survival",0.907016234421698,"0.907 (0.903-0.911)","0.891 (0.887-0.895)","0.808 (0.802-0.814)"
"1200","428.2","428.2","Heart failure NOS","Circulatory system","survival",0.876922988513532,"0.877 (0.861-0.893)","0.893 (0.879-0.907)","0.782 (0.764-0.800)"
"1202","428.3","428.3","Heart failure with reduced EF [Systolic or combined heart failure]","Circulatory system","survival",0.900712062039557,"0.901 (0.895-0.907)","0.895 (0.890-0.900)","0.785 (0.778-0.791)"
"1203","428.4","428.4","Heart failure with preserved EF [Diastolic heart failure]","Circulatory system","survival",0.890965856274904,"0.891 (0.878-0.904)","0.871 (0.858-0.883)","0.799 (0.794-0.804)"
"1206","429.1","429.1","Heart transplant/surgery","Circulatory system","survival",0.92149723407745,"0.921 (0.901-0.942)","0.897 (0.871-0.923)","0.815 (0.797-0.833)"
"1256","442.11","442.11","Abdominal aortic aneurysm","Circulatory system","survival",0.888387169644592,"0.888 (0.870-0.906)","0.882 (0.863-0.901)","0.783 (0.766-0.801)"
"1375","480.12","480.12","Pseudomonal pneumonia","Respiratory","survival",0.951825710839006,"0.952 (0.946-0.958)","0.951 (0.945-0.958)","0.836 (0.811-0.862)"
"1404","496.21","496.21","Obstructive chronic bronchitis","Respiratory","survival",0.840010389865016,"0.840 (0.832-0.848)","0.815 (0.808-0.821)","0.751 (0.741-0.760)"
"1416","501","501","Pneumonitis due to inhalation of food or vomitus","Respiratory","survival",0.913299535288779,"0.913 (0.908-0.918)","0.928 (0.924-0.932)","0.776 (0.768-0.784)"
"1428","506","506","Empyema and pneumothorax","Respiratory","survival",0.843215154662393,"0.843 (0.829-0.858)","0.855 (0.840-0.870)","0.752 (0.736-0.769)"
"1433","509.1","509.1","Respiratory failure","Respiratory","survival",0.915995273006441,"0.916 (0.913-0.919)","0.927 (0.925-0.930)","0.759 (0.753-0.764)"
"1442","509.8","509.8","Dependence on respirator [Ventilator] or supplemental oxygen","Respiratory","survival",0.942956958558675,"0.943 (0.938-0.948)","0.952 (0.948-0.956)","0.800 (0.791-0.808)"
"1472","519.1","519.1","Tracheostomy complications","Respiratory","survival",0.886387402729092,"0.886 (0.863-0.910)","0.958 (0.949-0.967)","0.838 (0.810-0.867)"
"1751","585.33","585.33","Chronic Kidney Disease, Stage III","Genitourinary","survival",0.803032767344047,"0.803 (0.797-0.809)","0.801 (0.796-0.807)","0.751 (0.744-0.757)"
"2136","707.1","707.1","Decubitus ulcer","Dermatologic","survival",0.932345661133655,"0.932 (0.928-0.937)","0.920 (0.915-0.925)","0.795 (0.787-0.803)"
"2311","743.11","743.11","Osteoporosis NOS","Musculoskeletal","survival",0.831168422779134,"0.831 (0.826-0.836)","0.803 (0.799-0.808)","0.808 (0.800-0.815)"
"2317","743.21","743.21","Pathologic fracture of vertebrae","Musculoskeletal","survival",0.894818687405475,"0.895 (0.888-0.902)","0.887 (0.881-0.894)","0.769 (0.755-0.783)"
"2445","797.1","797.1","Cardiogenic shock","Symptoms","survival",0.903635284870006,"0.904 (0.894-0.913)","0.907 (0.895-0.919)","0.825 (0.814-0.836)"
"2455","800.1","800.1","Fracture of neck of femur","Injuries & poisonings","survival",0.869256574645746,"0.869 (0.861-0.878)","0.872 (0.864-0.880)","0.812 (0.800-0.824)"
"2458","800.2","800.2","Fracture of unspecified part of femur","Injuries & poisonings","survival",0.845604178096662,"0.846 (0.833-0.858)","0.850 (0.837-0.862)","0.803 (0.789-0.818)"
"2481","805","805","Fracture of vertebral column without mention of spinal cord injury","Injuries & poisonings","survival",0.809228935566616,"0.809 (0.801-0.817)","0.800 (0.793-0.807)","0.750 (0.739-0.762)"
"2630","994.21","994.21","Septic shock","Injuries & poisonings","survival",0.911960873967714,"0.912 (0.908-0.916)","0.925 (0.922-0.929)","0.765 (0.757-0.773)"
